id,sales,quantity,price,rating,category,region,customer_age,discount_pct,year
1,12.06,8,78.37,1.4,Electronics,North,55,12.7,2022
2,47.93,1,285.01,3.9,Electronics,West,32,13.5,2023
3,83.51,7,479.03,2.3,Electronics,North,42,2.9,2023
4,55.41,15,272.75,4.9,Sports,West,23,16.6,2024
5,43.67,8,388.8,4.9,Sports,South,24,11.4,2023
6,38.83,9,353.89,3.7,Food,North,56,19.0,2024
7,38.95,18,117.61,2.3,Clothing,North,32,24.7,2023
8,55.94,19,439.42,2.3,Home,West,43,26.5,2024
9,35.54,18,274.1,4.0,Home,West,55,12.0,2022
10,102.22,2,431.94,1.6,Clothing,South,68,20.4,2024
11,76.26,15,269.27,4.9,Electronics,North,61,21.6,2024
12,189.08,11,64.66,2.7,Sports,West,18,28.6,2024
13,101.79,10,422.42,3.0,Food,South,27,11.2,2022
14,97.4,12,440.57,4.3,Sports,East,33,1.7,2024
15,25.48,3,489.21,3.1,Electronics,South,26,19.8,2024
16,55.5,14,482.54,4.7,Clothing,South,63,9.4,2024
17,86.62,4,131.47,1.3,Food,North,55,16.6,2024
18,5.81,2,122.18,4.6,Clothing,East,22,15.4,2023
19,47.22,19,292.34,2.0,Home,West,69,12.2,2022
20,146.28,14,238.84,3.9,Electronics,North,21,12.1,2023
21,52.81,15,78.69,1.7,Electronics,West,33,26.2,2022
22,229.28,4,34.79,5.0,Home,North,23,27.8,2022
23,80.36,13,452.2,1.7,Clothing,North,42,8.0,2023
24,83.59,18,334.32,2.9,Food,South,36,6.5,2022
25,63.62,16,256.4,4.4,Sports,South,21,28.8,2022
26,120.18,3,215.42,3.3,Clothing,East,34,6.1,2024
27,51.19,10,234.04,4.7,Food,North,18,13.7,2024
28,23.11,9,74.9,2.4,Electronics,North,33,11.1,2022
29,253.68,20,492.09,4.2,Home,North,60,24.5,2023
30,30.86,18,86.17,2.1,Electronics,South,63,10.3,2024
31,101.26,2,55.23,2.7,Food,East,20,0.1,2022
32,38.65,14,284.84,1.4,Food,South,52,1.1,2023
33,112.95,2,161.05,4.6,Sports,North,40,6.3,2022
34,70.6,14,487.18,4.0,Electronics,South,28,29.3,2022
35,12.0,11,393.37,2.6,Home,South,35,4.8,2024
36,75.85,16,118.99,4.3,Electronics,West,40,9.2,2022
37,11.68,11,146.52,1.3,Clothing,East,40,19.2,2023
38,66.64,9,97.5,4.9,Sports,East,20,3.3,2023
39,176.83,20,492.28,1.5,Food,South,34,1.3,2023
40,104.71,7,188.47,1.3,Electronics,East,57,9.4,2022
41,101.66,11,207.18,2.2,Food,South,30,12.6,2023
42,131.22,18,418.53,2.2,Clothing,South,45,23.6,2024
43,92.22,7,260.48,4.2,Food,South,60,2.5,2024
44,67.34,8,339.67,1.9,Sports,South,27,0.7,2022
45,129.87,15,213.08,3.5,Home,South,63,20.9,2023
46,52.05,1,447.4,4.4,Home,North,67,12.8,2022
47,92.13,4,233.67,4.2,Sports,East,66,26.7,2024
48,84.33,15,449.63,4.0,Sports,West,46,7.8,2022
49,198.19,8,144.55,1.3,Food,East,33,8.2,2023
50,24.52,13,350.04,3.8,Sports,North,44,12.2,2024
51,82.17,14,200.84,4.1,Home,North,66,17.3,2023
52,77.24,14,273.73,3.9,Electronics,South,49,6.6,2023
53,13.18,13,364.85,4.4,Home,South,57,16.0,2023
54,116.13,14,76.49,2.8,Sports,North,34,11.4,2022
55,65.89,13,146.35,4.8,Home,West,34,25.0,2023
56,22.18,2,379.57,4.8,Electronics,South,19,18.6,2022
57,94.07,7,237.87,2.0,Clothing,East,28,18.2,2024
58,63.18,10,292.14,4.6,Electronics,West,43,28.2,2022
59,124.0,8,59.93,4.1,Electronics,North,68,29.5,2022
60,107.87,3,257.92,2.4,Food,West,70,14.7,2023
61,137.87,5,223.39,3.9,Food,East,57,24.2,2024
62,92.2,19,141.51,4.4,Home,North,35,26.4,2022
63,117.63,11,24.06,4.4,Home,South,49,6.4,2023
64,57.91,9,282.34,3.1,Food,South,23,7.2,2023
65,113.65,16,326.49,3.0,Home,North,23,8.8,2023
66,62.36,16,281.2,2.4,Clothing,East,40,21.1,2023
67,53.26,7,164.62,4.0,Food,South,30,6.5,2023
68,174.8,17,302.43,4.9,Food,South,36,6.8,2022
69,8.63,9,32.3,1.2,Food,East,62,28.3,2024
70,58.69,11,100.34,1.2,Home,West,25,24.7,2023
71,23.27,2,84.35,4.2,Home,East,23,29.8,2022
72,197.32,20,120.59,3.1,Sports,West,46,8.9,2024
73,62.22,20,480.45,1.4,Home,South,58,6.3,2024
74,37.9,3,86.7,2.6,Electronics,West,36,1.0,2023
75,164.45,8,462.72,4.2,Food,South,45,3.4,2022
76,22.74,10,301.57,4.3,Clothing,East,46,3.7,2024
77,162.98,17,274.59,2.8,Food,North,45,22.0,2024
78,12.31,19,297.69,1.1,Food,East,54,1.2,2022
79,104.48,9,98.93,3.3,Home,West,23,14.1,2023
80,64.9,6,171.6,3.8,Food,East,60,28.4,2024
81,90.07,11,66.8,4.1,Electronics,North,60,26.1,2023
82,19.19,20,380.66,3.5,Home,North,31,8.0,2022
83,86.62,4,24.15,3.5,Food,South,63,4.8,2024
84,112.88,4,236.11,1.5,Electronics,South,49,28.0,2023
85,165.56,16,490.32,2.0,Sports,South,42,5.7,2024
86,22.42,14,176.54,4.2,Sports,East,70,0.1,2024
87,257.69,16,433.98,2.8,Food,West,40,10.0,2024
88,90.18,7,490.58,2.0,Home,West,32,25.7,2023
89,64.4,13,199.18,3.7,Electronics,South,49,28.9,2022
90,28.19,4,267.72,2.8,Sports,South,44,26.1,2022
91,93.19,11,315.4,2.6,Electronics,North,39,25.6,2024
92,109.96,8,319.27,4.7,Home,South,65,2.7,2022
93,87.75,1,32.54,4.2,Electronics,East,40,11.2,2022
94,107.47,6,93.29,1.3,Clothing,West,57,20.5,2023
95,35.59,9,235.19,3.7,Sports,West,36,20.3,2022
96,87.36,19,156.59,4.8,Electronics,East,47,25.4,2022
97,75.63,10,496.42,2.2,Home,West,35,0.2,2024
98,252.73,8,307.46,2.4,Electronics,South,57,7.5,2024
99,135.38,2,161.38,2.8,Clothing,East,64,3.9,2023
100,33.74,12,270.12,4.7,Food,South,34,27.4,2023
101,186.59,4,239.48,1.3,Food,South,61,21.7,2023
102,72.78,1,139.58,1.5,Sports,East,61,22.5,2023
103,75.57,12,63.09,1.9,Sports,North,57,26.5,2024
104,21.09,10,328.13,1.5,Food,North,20,9.1,2023
105,27.62,5,200.44,2.5,Electronics,West,55,22.3,2022
106,144.76,20,209.98,4.8,Home,North,62,11.1,2023
107,28.01,18,451.83,3.6,Home,North,43,8.3,2022
108,26.6,20,485.84,1.2,Home,East,33,29.7,2024
109,22.18,7,297.33,4.3,Clothing,South,39,23.2,2024
110,57.52,5,274.71,4.2,Electronics,North,60,26.0,2022
111,71.42,19,168.65,1.7,Electronics,North,26,22.3,2024
112,186.08,12,261.49,1.4,Electronics,South,57,1.3,2024
113,61.59,1,39.8,2.9,Sports,West,45,20.6,2023
114,128.93,9,315.92,3.3,Home,East,42,29.8,2024
115,89.83,4,398.62,1.5,Food,South,45,13.5,2022
116,68.0,14,367.51,2.3,Home,East,60,7.6,2022
117,21.89,3,221.62,4.0,Home,East,69,3.9,2022
118,150.52,14,435.37,3.9,Sports,East,56,9.4,2022
119,101.73,16,119.88,1.4,Sports,East,25,22.9,2024
120,228.6,20,310.65,3.6,Clothing,North,56,27.9,2024
121,13.16,10,461.55,2.4,Food,South,27,17.0,2023
122,35.38,1,54.96,3.1,Electronics,West,44,13.6,2022
123,63.28,19,302.15,4.5,Food,South,28,22.6,2022
124,56.66,16,307.47,2.7,Electronics,South,66,15.4,2023
125,30.06,19,248.45,3.7,Home,North,32,11.9,2024
126,6.04,7,386.0,4.1,Electronics,East,38,3.6,2023
127,40.96,8,255.13,4.3,Home,East,22,11.9,2024
128,86.23,3,432.43,3.3,Electronics,West,63,19.2,2023
129,80.09,6,402.65,3.5,Electronics,East,23,13.1,2022
130,86.12,3,203.93,2.2,Clothing,East,32,10.0,2022
131,102.45,17,105.01,4.1,Electronics,East,64,28.7,2024
132,50.79,7,95.01,1.6,Clothing,North,29,28.5,2024
133,92.0,19,229.96,4.7,Home,East,58,9.5,2023
134,93.07,9,299.8,2.4,Electronics,North,37,13.9,2022
135,73.32,3,311.35,3.0,Electronics,West,55,16.6,2024
136,89.0,7,167.55,2.9,Electronics,South,21,13.5,2023
137,101.06,8,356.73,5.0,Electronics,South,41,11.2,2023
138,80.81,20,35.66,3.5,Home,East,22,9.9,2024
139,58.66,20,437.91,2.3,Home,South,40,9.3,2024
140,33.19,3,161.7,2.5,Home,East,70,3.8,2024
141,26.93,17,187.3,2.5,Sports,South,31,10.3,2023
142,49.22,3,154.94,4.2,Clothing,North,60,10.1,2024
143,125.54,6,417.36,4.1,Clothing,South,64,13.1,2023
144,153.05,15,309.19,4.0,Food,West,32,16.0,2023
145,153.83,15,236.22,2.1,Home,West,50,15.8,2022
146,53.03,12,281.72,1.4,Clothing,North,36,2.5,2022
147,88.92,14,54.94,4.6,Food,West,40,27.9,2023
148,78.46,13,497.32,2.5,Electronics,North,38,27.9,2024
149,59.11,5,381.83,2.9,Food,North,23,0.6,2022
150,111.97,17,217.39,4.1,Clothing,South,37,3.7,2022
151,139.04,3,64.32,4.6,Home,North,58,15.5,2022
152,70.45,6,335.54,1.3,Clothing,East,22,28.6,2024
153,212.24,1,201.32,2.9,Sports,West,41,7.6,2022
154,213.79,4,388.04,3.9,Food,East,26,1.3,2024
155,207.06,16,319.55,4.2,Food,North,63,23.3,2023
156,60.21,7,444.04,2.3,Electronics,East,50,11.9,2024
157,53.57,7,150.19,4.4,Home,North,59,10.0,2022
158,86.38,15,448.37,2.5,Food,South,49,20.8,2023
159,55.77,14,48.67,3.4,Sports,South,52,8.8,2022
160,66.08,15,305.28,2.7,Electronics,West,40,13.4,2024
161,131.0,2,46.77,3.6,Food,East,50,24.0,2024
162,128.71,2,71.85,1.9,Clothing,East,41,11.5,2024
163,127.94,12,192.29,4.1,Electronics,South,51,11.0,2023
164,52.97,6,254.53,2.5,Food,North,34,23.2,2024
165,47.28,16,108.09,1.5,Home,North,46,5.2,2024
166,149.67,18,275.66,4.6,Home,South,63,21.3,2024
167,217.69,4,492.71,4.2,Clothing,South,68,14.8,2023
168,118.3,18,73.59,4.5,Sports,North,37,11.9,2024
169,106.12,19,46.14,4.9,Home,North,46,14.0,2024
170,33.09,18,323.5,1.7,Food,South,45,15.1,2022
171,104.27,6,168.1,3.8,Electronics,East,51,26.8,2022
172,44.32,9,71.33,2.2,Food,North,50,19.2,2024
173,37.43,20,175.43,4.7,Sports,North,70,25.9,2022
174,55.43,19,214.13,3.6,Electronics,West,58,16.4,2024
175,96.14,13,155.74,1.3,Food,North,28,13.2,2023
176,45.57,11,432.13,2.3,Home,East,43,3.9,2023
177,115.39,15,70.04,2.8,Sports,South,24,1.5,2023
178,82.63,6,408.6,4.7,Sports,East,30,22.9,2023
179,92.61,16,21.36,4.8,Sports,West,33,6.5,2023
180,18.39,16,150.02,1.0,Electronics,North,45,4.0,2023
181,196.95,13,35.07,3.2,Food,East,53,8.7,2023
182,89.13,20,343.4,1.5,Sports,North,43,11.2,2023
183,44.76,17,29.72,1.2,Sports,East,69,14.2,2023
184,128.3,11,466.37,2.3,Clothing,West,57,22.2,2023
185,67.55,18,250.02,3.3,Sports,West,70,0.5,2023
186,220.06,1,302.49,2.1,Electronics,South,64,1.5,2023
187,105.76,13,82.41,3.7,Clothing,North,54,28.4,2022
188,10.24,5,212.35,1.8,Clothing,West,65,21.8,2024
189,104.41,16,267.48,2.3,Clothing,South,47,27.4,2023
190,70.71,9,308.94,1.8,Sports,South,35,16.7,2022
191,201.67,16,165.35,2.4,Food,East,36,3.7,2024
192,75.32,12,477.76,4.2,Sports,East,20,8.6,2024
193,69.3,9,376.2,1.9,Electronics,East,53,20.9,2022
194,131.27,8,34.88,4.6,Electronics,South,58,7.0,2022
195,66.49,5,12.54,3.2,Home,South,44,19.6,2023
196,143.16,10,167.37,3.6,Home,North,59,17.2,2024
197,408.46,13,396.1,1.7,Electronics,East,20,0.3,2024
198,29.43,10,232.63,3.6,Sports,West,26,25.5,2023
199,43.75,6,368.25,3.6,Food,South,18,22.1,2023
200,152.26,20,429.51,4.6,Sports,West,50,9.8,2023
201,42.45,11,468.55,1.0,Electronics,West,33,13.4,2023
202,61.64,1,138.16,2.4,Food,South,21,20.0,2023
203,38.34,10,348.24,3.6,Food,East,41,18.4,2022
204,95.08,20,193.08,3.8,Clothing,West,66,16.1,2024
205,195.7,20,437.84,1.3,Clothing,West,51,21.1,2022
206,30.3,17,109.06,3.1,Sports,South,38,25.6,2023
207,154.65,16,54.56,3.0,Electronics,North,47,4.0,2023
208,116.0,10,364.41,2.6,Home,North,65,6.5,2022
209,83.73,18,497.12,4.7,Electronics,North,48,1.0,2023
210,200.23,14,193.49,4.6,Clothing,West,42,11.3,2024
211,33.88,4,97.45,3.1,Sports,South,64,29.4,2022
212,172.06,13,413.45,2.0,Electronics,East,27,8.3,2024
213,14.02,20,385.37,4.5,Electronics,North,33,6.2,2022
214,14.37,2,129.92,1.2,Sports,West,32,16.2,2022
215,100.9,19,166.26,3.4,Clothing,East,33,9.1,2022
216,48.32,2,282.79,3.4,Sports,South,58,20.4,2024
217,17.57,13,395.04,2.3,Home,West,44,4.5,2023
218,191.16,8,157.36,3.8,Clothing,West,21,16.9,2023
219,107.18,9,109.63,3.6,Sports,West,41,2.8,2024
220,18.61,20,305.43,4.5,Clothing,South,69,22.9,2024
221,47.67,11,158.56,4.6,Sports,South,30,28.9,2022
222,164.8,8,280.52,4.1,Home,West,47,16.0,2023
223,54.92,16,238.34,4.2,Food,West,66,25.2,2022
224,63.5,8,373.21,1.1,Food,West,36,4.6,2023
225,75.35,16,279.81,4.8,Clothing,East,34,22.9,2023
226,91.33,12,92.94,3.9,Home,West,29,27.5,2024
227,105.69,3,473.14,3.7,Electronics,North,44,4.1,2024
228,22.05,7,257.81,2.5,Clothing,West,60,14.6,2022
229,112.72,17,363.87,3.1,Sports,East,19,15.1,2024
230,227.71,4,459.84,3.1,Home,South,30,18.6,2023
231,55.87,12,480.06,2.8,Food,South,62,6.8,2024
232,144.33,2,55.82,2.5,Electronics,West,21,19.1,2024
233,24.92,11,287.27,4.4,Clothing,North,51,27.6,2022
234,116.78,3,345.37,2.1,Clothing,North,29,27.9,2023
235,189.88,13,465.15,2.2,Electronics,South,54,25.0,2023
236,66.74,5,397.34,3.8,Sports,North,50,22.4,2023
237,27.7,3,176.89,4.1,Electronics,West,67,9.8,2024
238,210.17,8,184.35,4.8,Food,West,29,20.4,2024
239,25.49,8,359.42,1.3,Home,South,42,21.4,2024
240,182.73,4,54.85,4.8,Clothing,West,41,22.8,2022
241,25.79,18,281.82,2.6,Clothing,North,23,10.6,2022
242,125.78,13,16.05,2.7,Sports,North,64,27.0,2022
243,105.0,6,78.03,2.2,Sports,West,27,1.9,2023
244,83.22,3,186.95,4.8,Food,West,56,18.5,2023
245,78.31,13,404.0,2.3,Electronics,East,45,24.5,2024
246,34.41,7,244.71,1.7,Sports,West,38,8.7,2024
247,65.73,13,188.86,4.7,Home,South,55,29.9,2022
248,12.6,7,224.84,2.2,Sports,North,70,25.4,2023
249,34.92,9,332.74,3.9,Home,West,22,13.5,2024
250,121.13,14,276.39,4.2,Home,East,62,26.9,2024
251,138.77,8,332.22,2.4,Sports,North,54,29.5,2024
252,27.87,17,283.42,3.8,Home,South,46,11.2,2023
253,158.9,1,246.56,2.2,Sports,North,25,24.9,2024
254,69.65,7,265.35,2.4,Clothing,North,46,21.7,2023
255,68.73,6,465.66,4.0,Food,South,53,4.8,2024
256,80.09,14,203.84,3.9,Home,South,46,17.8,2023
257,165.25,3,292.9,4.2,Electronics,South,41,9.8,2023
258,55.05,17,483.3,2.3,Electronics,West,57,11.8,2022
259,70.3,6,408.73,3.8,Food,East,57,17.7,2024
260,63.55,4,99.69,3.8,Clothing,West,44,17.9,2024
261,83.6,18,349.78,3.6,Home,South,53,5.0,2023
262,42.82,20,36.27,2.4,Clothing,North,49,4.1,2023
263,101.26,16,213.66,4.4,Sports,West,28,2.5,2022
264,59.98,18,151.45,4.1,Clothing,West,53,15.3,2024
265,55.96,12,275.6,4.0,Electronics,West,52,6.6,2023
266,180.74,8,155.88,5.0,Electronics,West,34,10.5,2022
267,181.62,20,320.06,1.7,Home,South,68,6.2,2022
268,117.69,20,274.0,2.3,Electronics,East,36,17.2,2024
269,34.32,14,460.2,5.0,Electronics,South,62,26.0,2022
270,168.35,13,249.83,3.3,Clothing,East,58,12.4,2023
271,137.2,3,207.4,4.0,Electronics,East,47,28.5,2023
272,3.13,3,368.16,2.8,Sports,East,22,23.9,2023
273,98.79,10,175.5,3.3,Clothing,West,68,10.3,2024
274,17.35,15,17.98,4.7,Electronics,South,46,13.7,2023
275,306.62,3,330.75,2.0,Clothing,East,60,27.1,2022
276,78.43,8,220.32,1.4,Electronics,North,18,6.4,2022
277,124.47,15,14.55,3.8,Clothing,North,45,20.8,2023
278,49.61,4,60.57,2.5,Electronics,East,26,11.5,2022
279,22.14,20,328.51,2.8,Clothing,South,58,22.4,2023
280,157.26,3,449.33,1.6,Sports,North,55,21.9,2023
281,63.77,9,325.86,2.0,Home,East,67,28.2,2022
282,45.8,7,376.44,2.2,Food,North,68,26.9,2022
283,76.47,20,44.8,4.6,Home,North,41,28.0,2022
284,72.71,16,477.68,4.1,Home,North,55,2.0,2023
285,214.36,17,385.88,2.7,Clothing,West,23,19.2,2024
286,37.18,3,260.54,1.8,Sports,South,52,9.8,2024
287,63.03,8,38.37,1.3,Electronics,West,25,13.6,2024
288,62.88,6,68.53,3.8,Electronics,North,28,14.9,2023
289,104.06,9,91.81,1.5,Sports,East,64,26.6,2022
290,21.22,19,317.49,3.0,Food,East,21,15.0,2024
291,73.12,4,448.19,3.7,Clothing,North,32,22.2,2022
292,17.36,5,97.69,4.8,Electronics,North,53,24.1,2024
293,48.89,11,142.92,1.3,Home,East,25,15.1,2022
294,48.67,2,477.5,1.3,Clothing,West,36,23.2,2023
295,25.62,12,108.33,3.3,Food,East,65,18.7,2023
296,123.88,7,368.91,3.2,Food,South,27,0.2,2023
297,50.26,1,475.99,1.0,Electronics,West,65,21.8,2022
298,107.14,16,480.98,4.9,Clothing,South,63,8.4,2022
299,163.48,3,294.58,3.0,Clothing,West,22,17.8,2022
300,147.59,10,137.89,2.3,Home,West,62,25.0,2023
301,89.63,7,76.69,4.1,Food,North,27,3.2,2023
302,63.69,12,482.67,1.8,Home,East,47,8.0,2022
303,38.0,20,29.76,4.3,Electronics,East,27,2.7,2022
304,78.42,10,137.48,5.0,Food,North,43,25.6,2024
305,53.01,5,69.51,1.2,Sports,South,26,5.9,2023
306,157.14,3,295.34,2.0,Food,North,19,29.9,2022
307,268.92,4,30.92,2.8,Home,South,54,13.0,2024
308,99.11,14,94.68,1.9,Home,South,35,8.4,2022
309,130.77,10,254.46,4.5,Electronics,West,21,2.6,2023
310,82.85,17,132.08,5.0,Clothing,North,42,23.5,2023
311,110.86,19,256.17,2.6,Home,South,19,9.6,2022
312,346.22,2,406.24,2.9,Electronics,East,67,17.5,2022
313,28.15,9,271.51,4.2,Clothing,North,66,29.9,2022
314,267.99,12,468.25,5.0,Sports,South,29,7.1,2023
315,163.35,19,79.63,4.8,Food,West,52,9.3,2023
316,26.34,8,19.76,2.9,Electronics,East,57,6.0,2022
317,171.01,11,39.18,1.6,Food,South,67,3.3,2024
318,28.31,5,488.17,3.9,Food,West,68,19.2,2023
319,40.72,20,395.63,1.9,Food,South,42,9.2,2024
320,32.92,19,201.88,5.0,Food,North,29,18.1,2024
321,139.28,16,78.92,4.0,Clothing,South,40,29.5,2022
322,241.57,11,228.85,2.1,Electronics,South,62,2.0,2023
323,86.64,6,443.43,3.0,Electronics,West,40,16.4,2022
324,213.94,8,89.7,1.3,Home,North,36,0.6,2023
325,23.29,13,88.84,1.3,Electronics,North,39,17.8,2024
326,165.14,6,307.59,2.7,Home,North,24,9.9,2022
327,161.85,18,139.98,2.1,Home,South,24,1.5,2024
328,71.88,10,413.71,3.5,Sports,West,30,2.9,2022
329,138.77,16,423.45,2.2,Clothing,West,48,14.7,2024
330,26.51,6,191.8,2.5,Food,South,46,1.3,2023
331,55.23,19,40.2,4.0,Home,North,23,20.0,2024
332,113.23,17,215.13,3.1,Home,West,54,26.4,2023
333,24.21,2,256.03,4.6,Food,South,25,28.5,2023
334,46.84,2,217.45,5.0,Clothing,West,30,29.9,2024
335,382.47,3,52.64,3.2,Clothing,East,35,15.6,2022
336,122.67,4,213.08,1.6,Sports,North,24,16.9,2022
337,295.87,14,139.43,3.6,Food,West,20,5.2,2023
338,132.09,13,29.0,4.6,Clothing,East,62,7.1,2024
339,412.34,1,175.55,4.2,Home,East,35,25.3,2024
340,61.39,11,142.02,2.7,Electronics,North,30,13.3,2023
341,194.23,2,262.48,1.6,Home,East,63,15.2,2022
342,43.74,2,132.25,2.8,Sports,East,63,6.0,2023
343,101.19,4,343.78,2.0,Home,West,56,13.4,2023
344,112.63,9,376.99,3.8,Sports,East,19,11.6,2022
345,48.37,7,141.85,2.6,Sports,North,67,29.0,2024
346,94.19,6,304.56,1.0,Electronics,East,56,24.2,2023
347,83.75,12,234.91,1.9,Food,East,61,15.6,2024
348,259.79,20,308.43,2.2,Home,North,48,1.9,2023
349,168.21,10,102.3,3.1,Food,South,21,24.2,2024
350,146.86,1,331.15,5.0,Home,East,44,12.1,2024
351,121.35,7,178.15,3.9,Electronics,West,60,10.8,2023
352,261.2,6,153.95,2.9,Clothing,East,64,24.3,2022
353,144.58,8,374.66,2.2,Food,East,41,7.8,2023
354,61.04,5,77.31,1.8,Home,West,54,26.8,2023
355,64.09,3,248.91,3.5,Clothing,South,38,19.0,2022
356,56.9,6,292.38,1.6,Home,North,26,18.4,2024
357,79.78,13,12.29,3.1,Home,East,18,26.8,2024
358,179.47,12,162.93,1.4,Clothing,East,28,2.0,2022
359,104.8,14,445.11,5.0,Food,East,49,10.8,2022
360,79.78,5,113.48,1.1,Clothing,South,25,11.0,2024
361,74.49,18,315.34,3.4,Electronics,North,60,3.2,2022
362,158.61,13,70.56,2.0,Electronics,South,31,20.9,2024
363,61.5,17,142.29,3.4,Electronics,South,44,24.9,2022
364,30.61,7,308.41,4.1,Sports,South,40,21.1,2023
365,15.82,7,347.22,2.9,Clothing,South,18,0.4,2022
366,255.27,5,475.23,4.1,Electronics,North,64,21.7,2023
367,90.47,9,237.5,1.4,Clothing,South,20,25.6,2023
368,84.18,2,14.74,1.6,Food,South,39,10.7,2023
369,56.03,12,409.33,1.7,Sports,West,43,28.9,2023
370,158.67,14,327.93,4.2,Home,North,26,20.9,2022
371,28.79,16,403.11,3.7,Clothing,South,57,11.4,2023
372,13.12,5,246.71,3.0,Sports,West,46,1.4,2023
373,7.97,17,386.09,3.3,Food,South,60,26.2,2024
374,157.97,14,334.24,2.0,Sports,East,60,20.3,2023
375,259.41,20,36.74,3.6,Clothing,South,50,25.5,2023
376,23.42,8,172.14,2.1,Clothing,South,53,19.3,2023
377,24.19,19,229.57,4.4,Clothing,West,38,3.6,2023
378,28.6,18,279.06,4.3,Electronics,East,50,16.9,2024
379,19.2,15,172.67,4.1,Home,West,63,19.7,2024
380,30.61,8,11.08,2.4,Home,East,53,15.7,2024
381,17.32,5,412.7,4.0,Electronics,West,24,7.6,2022
382,31.78,7,233.95,4.1,Clothing,East,24,22.7,2022
383,32.21,15,332.64,4.8,Sports,South,49,0.1,2024
384,113.13,19,246.64,3.0,Electronics,South,62,17.4,2024
385,28.76,20,442.52,3.0,Clothing,West,44,29.4,2024
386,56.91,10,231.89,1.5,Clothing,West,56,21.0,2024
387,61.13,11,358.82,4.7,Sports,South,30,6.3,2024
388,157.28,5,490.85,3.6,Food,South,50,16.3,2024
389,167.86,18,245.38,3.3,Food,West,61,22.4,2024
390,75.54,2,107.95,4.0,Food,South,36,20.5,2022
391,158.97,18,25.83,4.3,Electronics,North,57,26.0,2024
392,292.01,18,200.55,3.0,Sports,East,62,19.9,2023
393,82.32,11,483.26,1.2,Home,East,30,18.6,2023
394,142.11,18,371.84,1.8,Clothing,South,36,13.5,2024
395,42.8,17,68.48,1.2,Electronics,East,53,7.9,2022
396,92.51,2,85.31,2.3,Sports,North,67,28.0,2024
397,97.84,12,45.71,3.8,Food,South,29,15.6,2024
398,82.2,3,181.21,4.5,Clothing,East,39,10.8,2022
399,107.31,1,66.21,2.4,Sports,South,59,18.4,2024
400,64.88,4,199.08,3.2,Clothing,East,19,27.3,2023
401,224.92,2,155.25,3.6,Sports,East,50,2.5,2022
402,107.98,7,338.46,4.1,Clothing,West,24,6.2,2024
403,141.72,5,21.64,3.9,Home,North,23,2.2,2022
404,114.42,8,456.38,2.6,Food,West,58,12.1,2023
405,77.15,1,324.3,3.5,Electronics,North,62,25.4,2023
406,29.22,10,307.22,2.1,Sports,West,42,11.9,2024
407,94.16,5,375.91,4.2,Electronics,East,58,4.3,2024
408,16.39,13,273.2,4.8,Food,East,31,22.4,2024
409,46.82,17,79.8,1.7,Food,East,30,3.4,2024
410,275.04,18,236.02,3.2,Sports,East,60,2.0,2022
411,175.31,11,185.0,3.7,Clothing,South,24,8.6,2022
412,64.33,20,333.12,3.8,Clothing,South,54,17.0,2023
413,39.81,8,358.98,3.6,Home,East,41,4.0,2024
414,71.51,18,63.33,3.6,Food,North,35,25.8,2022
415,44.34,3,366.44,4.6,Sports,North,70,17.5,2023
416,54.77,18,241.33,4.1,Sports,East,43,6.7,2024
417,34.03,3,204.42,3.0,Food,South,69,29.5,2024
418,38.26,19,333.11,4.9,Clothing,West,40,1.2,2023
419,21.01,2,337.61,3.1,Clothing,East,42,14.1,2023
420,15.94,4,354.83,3.1,Electronics,East,65,7.9,2024
421,40.66,12,297.96,4.6,Sports,North,51,7.5,2022
422,80.25,12,248.56,2.9,Sports,North,50,26.5,2023
423,49.78,9,113.64,1.7,Clothing,East,56,21.5,2022
424,81.94,4,245.94,2.9,Clothing,South,55,4.8,2023
425,52.0,19,88.95,3.5,Electronics,North,54,4.4,2022
426,80.17,1,440.47,3.9,Food,East,23,6.5,2024
427,250.17,19,412.02,1.7,Home,East,28,21.7,2023
428,125.33,13,198.88,1.4,Home,South,51,25.8,2024
429,246.28,6,243.18,3.5,Home,North,68,15.9,2022
430,95.98,20,274.25,1.0,Electronics,West,51,12.6,2022
431,84.77,16,396.88,2.5,Sports,North,45,4.0,2023
432,125.86,9,102.62,3.8,Clothing,North,54,15.7,2024
433,74.46,11,210.33,1.4,Electronics,West,59,17.6,2023
434,83.7,9,495.98,2.6,Sports,South,44,16.6,2024
435,41.46,16,134.35,2.2,Home,East,67,21.2,2024
436,278.55,8,228.83,3.8,Clothing,South,24,6.4,2023
437,223.33,2,88.76,4.9,Food,North,69,2.7,2022
438,21.27,3,308.42,3.9,Home,West,57,19.7,2023
439,19.89,6,323.74,2.8,Sports,South,60,27.9,2024
440,44.06,17,262.75,1.9,Food,South,61,1.1,2022
441,57.29,13,208.67,1.8,Electronics,North,65,21.1,2022
442,58.71,19,180.57,4.9,Sports,East,32,18.2,2022
443,54.85,4,283.73,3.0,Home,East,25,24.1,2023
444,233.74,15,483.37,3.3,Sports,South,66,10.2,2023
445,347.85,16,66.97,1.3,Home,South,61,21.0,2023
446,6.93,8,150.77,2.6,Home,East,22,16.6,2022
447,63.67,19,141.85,4.8,Home,South,49,22.1,2022
448,45.36,20,184.45,4.1,Clothing,North,23,20.3,2024
449,130.68,18,479.42,4.4,Home,East,57,9.5,2024
450,97.9,17,147.33,1.9,Food,South,21,15.8,2023
451,69.47,6,234.03,1.5,Home,West,38,20.7,2022
452,75.27,12,310.26,2.0,Clothing,East,33,8.1,2024
453,72.8,7,215.36,4.0,Food,East,43,8.4,2022
454,33.56,8,408.95,3.9,Sports,South,53,13.0,2023
455,36.04,5,241.76,1.0,Clothing,West,49,4.0,2024
456,108.18,16,157.02,3.2,Sports,North,43,3.0,2022
457,47.42,4,230.43,2.3,Electronics,East,41,16.8,2023
458,295.71,7,292.66,3.6,Food,South,67,8.5,2023
459,97.15,3,196.72,2.1,Sports,South,28,19.2,2023
460,136.4,3,48.76,2.4,Home,East,38,19.6,2024
461,128.03,15,392.68,4.8,Food,West,44,5.0,2022
462,176.43,3,113.18,2.6,Clothing,North,22,28.1,2023
463,19.11,17,384.85,1.3,Sports,East,57,4.7,2024
464,62.9,10,227.15,1.5,Home,South,19,1.1,2023
465,301.05,18,227.97,4.9,Food,South,55,17.9,2024
466,85.98,18,161.73,2.4,Sports,South,69,2.7,2023
467,81.47,1,10.05,4.3,Food,South,40,8.6,2024
468,157.77,16,156.81,4.1,Electronics,East,56,6.9,2022
469,74.21,18,224.18,2.0,Sports,West,42,6.6,2022
470,134.41,20,405.71,3.7,Home,East,59,22.3,2023
471,42.97,5,151.9,3.5,Home,West,35,21.0,2023
472,64.82,18,20.84,4.9,Clothing,East,35,3.8,2023
473,50.23,16,116.42,2.7,Electronics,West,41,13.9,2022
474,24.45,5,37.46,4.1,Food,North,52,14.1,2022
475,237.45,4,487.55,3.9,Food,West,67,29.2,2022
476,44.78,4,265.36,4.9,Electronics,West,42,20.4,2023
477,38.16,18,265.25,2.0,Food,East,30,10.8,2022
478,85.82,9,296.5,2.6,Clothing,South,18,29.1,2024
479,158.04,3,131.87,3.0,Home,East,66,18.8,2022
480,141.01,4,71.66,1.9,Food,East,69,26.8,2024
481,10.99,5,132.84,1.2,Clothing,West,53,8.8,2024
482,43.26,12,168.6,2.9,Home,South,22,15.9,2023
483,239.45,15,10.35,3.6,Food,West,64,5.6,2022
484,280.95,8,167.14,1.3,Sports,West,30,15.7,2023
485,37.42,14,324.04,1.4,Sports,North,20,25.1,2022
486,96.68,19,324.46,2.6,Clothing,West,51,18.7,2024
487,18.07,3,16.41,4.7,Food,West,23,14.0,2024
488,71.9,14,412.79,4.2,Electronics,North,70,18.5,2024
489,179.84,3,472.86,4.8,Electronics,North,24,21.8,2024
490,43.21,8,289.31,4.8,Home,West,65,3.2,2024
491,71.37,14,442.58,1.7,Sports,South,53,12.0,2023
492,108.16,12,452.22,3.2,Clothing,East,41,12.4,2024
493,51.52,13,385.2,4.7,Home,East,41,28.8,2023
494,34.23,1,157.16,1.9,Home,East,19,23.1,2024
495,117.86,4,28.49,2.4,Food,South,34,11.0,2024
496,50.26,3,289.54,3.3,Clothing,South,64,2.3,2023
497,40.51,19,411.56,1.4,Home,East,20,21.9,2024
498,201.49,14,214.1,4.5,Home,South,65,19.6,2024
499,137.29,2,159.34,1.2,Electronics,South,38,15.1,2022
500,18.38,13,485.81,4.0,Clothing,North,32,13.0,2023
501,33.74,19,375.2,3.2,Clothing,East,23,12.0,2023
502,195.81,7,249.05,3.6,Clothing,South,53,18.5,2024
503,52.42,14,168.47,4.7,Sports,North,25,20.2,2023
504,69.65,20,331.15,4.1,Food,South,40,18.5,2023
505,74.24,3,65.06,1.2,Sports,South,70,8.6,2023
506,62.18,11,112.41,3.2,Electronics,South,52,15.7,2023
507,96.15,5,350.58,3.7,Sports,West,55,27.2,2024
508,53.92,7,396.7,3.5,Electronics,North,47,19.6,2022
509,76.99,12,433.5,1.1,Electronics,West,32,29.4,2024
510,125.5,7,255.32,2.8,Electronics,North,20,7.4,2024
511,67.06,6,19.0,3.7,Food,East,58,9.1,2024
512,232.63,13,446.3,4.3,Food,North,53,28.5,2022
513,68.5,5,53.02,2.5,Clothing,South,44,7.2,2022
514,66.32,7,329.71,3.3,Home,South,26,9.3,2024
515,145.25,6,165.57,3.2,Sports,North,29,9.5,2022
516,197.95,14,480.99,2.2,Electronics,East,27,23.4,2022
517,42.44,20,312.3,3.4,Clothing,South,56,7.0,2024
518,71.6,16,75.7,4.4,Electronics,West,63,19.5,2022
519,98.04,7,120.87,2.6,Home,North,35,28.5,2022
520,434.15,20,250.07,2.3,Clothing,West,33,12.8,2022
521,180.39,11,203.13,4.8,Sports,North,51,3.3,2023
522,109.16,2,283.27,3.1,Electronics,North,30,8.7,2023
523,203.33,6,217.01,3.5,Food,North,62,15.5,2022
524,249.68,17,65.45,4.1,Home,South,43,12.4,2023
525,41.48,7,442.45,1.4,Electronics,East,62,19.5,2024
526,30.64,12,51.8,3.8,Clothing,South,42,16.5,2022
527,146.48,5,97.64,3.8,Clothing,West,37,9.3,2023
528,134.78,5,480.61,1.0,Food,East,18,13.8,2023
529,228.8,16,126.56,3.4,Sports,West,47,12.3,2022
530,126.41,18,146.28,3.5,Sports,South,21,5.5,2022
531,15.16,19,420.63,2.2,Food,North,21,3.3,2022
532,151.34,20,290.42,3.2,Clothing,West,65,17.4,2022
533,199.93,13,411.93,4.0,Electronics,North,36,14.1,2022
534,66.3,7,350.96,3.4,Food,North,54,21.9,2024
535,158.14,10,219.26,4.4,Sports,East,51,17.3,2024
536,99.17,16,251.33,1.7,Food,South,63,8.7,2022
537,31.34,4,371.36,1.8,Electronics,West,44,1.4,2023
538,139.62,9,397.2,2.2,Sports,East,67,0.2,2024
539,68.42,20,480.46,4.3,Food,South,39,25.0,2024
540,141.4,15,447.11,3.1,Home,East,47,23.5,2023
541,174.99,18,19.17,3.3,Electronics,East,69,27.5,2023
542,13.75,18,422.78,3.3,Electronics,West,29,17.9,2023
543,167.62,3,253.56,2.0,Food,West,37,6.5,2023
544,30.3,7,457.54,2.8,Clothing,North,69,14.5,2024
545,43.33,17,162.08,2.3,Clothing,North,70,29.5,2024
546,76.79,4,12.01,4.7,Clothing,North,39,14.0,2022
547,104.87,10,21.02,4.0,Electronics,South,38,6.0,2023
548,107.75,4,143.6,1.6,Food,North,18,28.7,2024
549,28.55,18,166.06,1.6,Sports,East,54,7.3,2022
550,130.5,15,34.86,1.1,Food,North,24,11.5,2022
551,77.6,19,318.44,3.8,Home,West,57,10.7,2023
552,169.06,18,48.49,4.7,Clothing,West,54,4.0,2024
553,27.63,15,240.57,4.8,Home,South,57,7.7,2023
554,42.21,11,396.5,4.5,Home,West,49,0.9,2023
555,70.21,6,148.31,2.4,Electronics,South,50,3.1,2024
556,65.73,10,271.05,2.6,Electronics,West,33,18.6,2024
557,68.31,19,221.26,4.9,Clothing,East,52,20.8,2022
558,182.58,16,66.02,3.4,Electronics,East,53,2.9,2023
559,62.67,20,63.28,4.3,Clothing,West,38,14.8,2024
560,26.39,19,452.6,3.5,Electronics,North,66,4.4,2022
561,107.5,19,229.11,1.8,Home,East,37,17.1,2024
562,404.89,12,495.24,3.3,Food,West,26,25.6,2022
563,358.05,1,354.64,4.3,Food,East,25,25.8,2022
564,85.33,11,358.77,2.6,Clothing,West,52,6.3,2022
565,34.91,12,421.58,1.6,Home,South,26,0.3,2024
566,35.73,14,487.74,1.5,Electronics,South,59,24.2,2023
567,89.98,15,198.51,1.9,Sports,West,56,0.2,2023
568,168.7,18,292.41,1.1,Clothing,North,54,14.5,2023
569,120.56,3,79.62,3.9,Electronics,East,47,15.5,2024
570,26.01,3,345.2,3.2,Sports,East,57,1.6,2023
571,206.64,17,453.97,3.3,Sports,East,44,10.6,2023
572,39.62,20,377.22,3.9,Food,East,21,18.9,2024
573,118.47,10,406.36,3.5,Clothing,East,49,2.5,2024
574,33.8,9,16.96,1.4,Electronics,South,55,22.2,2024
575,73.5,8,247.61,4.2,Home,North,39,29.5,2022
576,99.07,13,126.59,2.8,Sports,South,31,17.3,2023
577,140.19,4,35.74,2.9,Electronics,West,37,14.3,2024
578,75.34,16,138.69,3.1,Clothing,West,18,8.7,2023
579,153.91,2,57.71,3.1,Home,East,45,18.3,2024
580,67.3,4,135.12,3.3,Food,West,67,20.3,2022
581,201.22,6,163.5,1.0,Sports,North,22,0.4,2022
582,28.83,8,365.37,2.0,Sports,North,19,18.6,2022
583,145.39,20,322.66,3.8,Sports,North,23,25.7,2022
584,145.31,19,403.57,1.7,Home,North,62,5.5,2023
585,146.84,15,462.12,2.1,Home,West,62,27.1,2023
586,38.71,2,197.57,2.3,Food,North,34,28.7,2023
587,87.12,7,309.05,1.7,Clothing,West,24,4.3,2023
588,130.72,15,360.55,1.4,Clothing,North,22,17.1,2023
589,10.18,1,467.12,3.7,Home,East,27,21.0,2023
590,3.96,16,244.29,2.6,Sports,North,52,6.8,2023
591,31.86,12,173.39,2.2,Home,North,58,29.9,2024
592,72.7,11,49.42,2.8,Electronics,East,59,6.1,2024
593,61.12,4,319.0,2.4,Electronics,North,58,13.1,2022
594,77.01,10,254.85,4.9,Clothing,West,19,1.1,2022
595,31.34,17,234.6,3.7,Food,South,65,17.4,2022
596,180.46,1,240.9,4.7,Electronics,North,33,21.0,2022
597,62.55,15,309.5,4.3,Electronics,North,70,24.5,2022
598,124.86,3,404.18,2.7,Home,West,38,3.6,2024
599,111.21,7,384.47,3.4,Sports,East,22,3.6,2022
600,39.71,6,224.94,4.7,Home,North,26,3.0,2024
601,74.67,16,49.55,1.0,Sports,North,63,19.6,2023
602,160.23,16,349.26,1.8,Home,East,51,13.5,2022
603,129.64,6,361.43,3.4,Clothing,North,58,24.8,2023
604,82.76,7,67.58,3.1,Food,North,57,10.9,2024
605,48.04,7,145.45,1.8,Sports,South,61,25.3,2023
606,41.07,2,36.47,2.5,Home,South,45,7.5,2024
607,16.75,18,96.18,4.1,Home,West,50,3.5,2022
608,124.18,7,376.07,4.6,Home,South,67,3.3,2022
609,50.93,7,194.01,1.9,Electronics,West,55,14.5,2023
610,47.53,6,199.79,1.5,Clothing,South,58,10.8,2023
611,67.47,19,39.23,1.5,Clothing,West,47,12.5,2023
612,214.55,20,453.73,3.3,Clothing,South,23,12.4,2024
613,94.06,1,367.71,3.9,Home,South,33,9.8,2024
614,36.56,1,214.71,1.2,Clothing,West,64,23.1,2022
615,107.46,4,231.7,2.0,Home,North,62,22.0,2022
616,71.45,3,17.81,3.7,Clothing,South,63,13.8,2024
617,11.89,5,438.36,2.6,Sports,East,58,13.9,2024
618,14.15,9,352.05,3.5,Electronics,South,68,20.5,2024
619,72.74,12,189.55,3.6,Food,North,53,21.3,2022
620,30.53,19,436.85,3.8,Clothing,South,38,10.6,2023
621,154.62,3,192.68,2.8,Sports,North,48,21.3,2024
622,73.21,3,102.29,4.5,Sports,North,23,11.7,2022
623,39.17,5,253.2,4.5,Food,North,36,12.5,2024
624,83.02,1,152.84,1.3,Sports,South,51,19.3,2023
625,68.68,11,248.21,3.7,Sports,West,47,9.1,2022
626,40.32,16,192.23,2.2,Food,North,27,10.6,2023
627,132.22,18,149.77,4.9,Clothing,South,28,7.1,2022
628,118.93,12,100.4,3.2,Food,North,60,9.5,2023
629,74.08,6,271.49,1.5,Clothing,North,43,27.9,2022
630,101.73,10,242.22,2.2,Home,South,69,17.0,2023
631,158.35,2,78.32,3.2,Food,East,19,12.0,2022
632,71.27,20,324.24,3.3,Home,South,68,28.1,2023
633,11.35,15,341.76,4.8,Clothing,West,30,14.7,2024
634,102.71,12,204.8,3.9,Sports,West,41,11.6,2022
635,69.05,15,438.41,1.4,Food,West,65,29.8,2023
636,39.01,14,367.02,2.7,Food,North,27,6.2,2023
637,26.01,9,213.11,3.2,Sports,South,30,5.6,2023
638,113.3,10,418.95,2.2,Food,West,32,0.8,2022
639,55.11,16,70.85,3.7,Clothing,East,44,5.4,2024
640,13.02,16,497.22,1.3,Clothing,East,55,14.4,2023
641,135.3,4,192.87,3.9,Food,North,34,4.9,2022
642,64.66,5,185.12,1.2,Clothing,East,44,19.1,2023
643,59.61,3,261.79,4.1,Electronics,South,66,2.8,2022
644,65.16,10,143.01,3.8,Sports,East,24,16.0,2023
645,8.17,12,391.62,2.6,Clothing,South,24,6.5,2024
646,251.41,18,310.58,4.3,Clothing,North,44,13.8,2022
647,238.92,16,180.62,3.8,Electronics,South,70,13.3,2024
648,196.78,10,24.09,4.3,Sports,South,26,25.7,2022
649,62.57,3,218.15,4.1,Clothing,North,22,0.6,2023
650,16.56,17,300.66,2.9,Home,East,20,2.0,2024
651,191.24,20,110.65,4.6,Electronics,South,60,10.5,2022
652,267.23,19,180.44,1.6,Clothing,South,50,17.1,2022
653,196.56,7,482.49,1.7,Sports,North,64,3.0,2022
654,162.27,4,98.62,2.4,Sports,West,45,6.4,2022
655,30.41,4,238.29,3.1,Home,West,66,10.8,2023
656,98.56,15,304.19,2.2,Sports,West,32,16.6,2023
657,43.1,16,470.15,2.5,Home,North,61,14.7,2022
658,86.61,3,68.42,2.6,Home,North,65,27.8,2022
659,72.4,7,301.53,5.0,Electronics,North,32,25.1,2024
660,57.72,19,300.89,4.0,Home,West,40,14.3,2024
661,36.3,4,132.84,3.0,Home,South,19,3.0,2022
662,99.57,6,197.49,3.7,Electronics,South,37,18.7,2022
663,147.07,16,398.44,1.8,Electronics,West,49,15.1,2024
664,230.53,1,476.76,1.1,Food,West,25,11.5,2023
665,87.52,6,282.77,4.4,Home,East,63,4.9,2023
666,63.42,4,288.74,3.0,Clothing,West,48,16.9,2022
667,19.52,19,485.73,3.5,Sports,East,67,29.3,2023
668,27.64,12,211.85,1.2,Electronics,South,33,7.0,2023
669,25.35,10,66.09,1.7,Sports,East,20,13.8,2023
670,103.47,1,351.02,3.4,Sports,East,42,17.1,2023
671,27.71,7,174.62,3.0,Sports,East,28,18.4,2023
672,45.2,3,421.79,3.1,Home,East,34,1.4,2024
673,226.4,3,361.68,3.3,Home,East,35,2.0,2024
674,84.4,3,329.25,2.2,Home,East,45,19.9,2023
675,81.88,17,232.08,4.1,Clothing,South,19,18.8,2024
676,119.59,15,141.29,3.6,Clothing,West,54,21.8,2022
677,45.02,8,83.73,3.7,Sports,East,45,12.3,2022
678,59.14,20,125.7,2.0,Clothing,South,30,0.8,2023
679,96.68,14,326.99,1.1,Home,South,35,4.1,2023
680,146.16,2,482.26,2.9,Food,North,21,25.8,2022
681,126.86,14,449.42,3.7,Food,North,43,28.3,2024
682,50.76,17,467.14,3.1,Clothing,East,49,26.5,2022
683,32.05,11,417.84,3.9,Sports,South,45,6.5,2022
684,47.2,14,134.61,3.4,Clothing,West,52,11.2,2022
685,111.18,8,482.02,4.5,Food,South,41,14.3,2023
686,10.9,20,27.06,4.0,Food,North,62,27.5,2024
687,53.52,12,452.55,3.7,Clothing,South,46,11.7,2023
688,61.46,8,155.74,4.4,Food,South,46,18.9,2024
689,24.43,16,240.83,2.7,Home,East,63,12.7,2022
690,162.42,12,216.23,3.9,Clothing,East,47,20.9,2022
691,136.02,5,11.51,1.8,Clothing,East,38,17.3,2022
692,52.97,5,425.01,3.7,Clothing,East,46,14.4,2024
693,54.78,11,401.77,1.8,Clothing,West,41,5.5,2023
694,48.88,18,327.08,3.5,Sports,North,47,5.9,2024
695,18.22,20,137.48,1.4,Clothing,East,28,28.4,2022
696,171.81,15,415.36,3.0,Electronics,South,63,6.1,2023
697,186.52,14,429.61,3.4,Food,East,64,20.3,2023
698,80.76,10,488.3,1.9,Clothing,West,33,11.1,2024
699,25.5,11,487.46,2.6,Home,South,63,11.5,2023
700,54.05,2,35.54,4.7,Sports,West,40,29.9,2024
701,167.49,1,134.29,3.5,Sports,East,43,20.1,2022
702,16.23,6,256.84,4.7,Sports,West,26,2.7,2024
703,85.57,11,31.64,1.5,Sports,East,65,10.8,2023
704,249.37,17,163.38,4.6,Food,East,65,29.8,2022
705,276.03,15,36.08,1.6,Sports,South,29,1.1,2023
706,165.81,16,29.99,2.4,Clothing,West,47,14.8,2024
707,32.28,10,98.52,1.7,Clothing,East,54,26.7,2024
708,121.5,17,385.76,1.7,Clothing,North,33,23.0,2024
709,155.07,13,193.04,4.7,Electronics,North,38,4.6,2022
710,250.51,15,317.89,2.1,Home,North,39,29.1,2024
711,178.39,19,73.37,4.5,Sports,East,38,23.9,2024
712,111.54,3,205.44,1.7,Electronics,West,23,0.6,2022
713,76.96,5,69.09,3.0,Clothing,West,65,24.2,2023
714,33.59,12,261.2,3.0,Sports,West,48,8.1,2024
715,26.34,12,310.8,2.7,Home,West,23,1.2,2023
716,153.08,5,466.03,3.1,Home,North,36,14.0,2022
717,61.38,10,422.35,3.1,Home,East,54,1.4,2022
718,103.15,14,56.3,3.6,Electronics,East,40,7.6,2022
719,9.36,15,97.98,1.7,Sports,West,20,2.5,2024
720,63.68,15,315.67,2.1,Food,South,31,5.6,2024
721,54.56,14,271.84,1.0,Sports,North,18,5.2,2023
722,159.49,20,365.7,2.2,Home,East,62,20.2,2024
723,34.24,1,351.06,1.8,Home,North,31,14.4,2022
724,86.15,18,103.55,2.2,Clothing,West,27,14.2,2022
725,39.39,15,482.29,2.9,Electronics,West,55,7.3,2023
726,67.11,14,489.95,4.4,Sports,East,20,14.6,2023
727,123.69,16,123.63,1.2,Sports,North,45,17.3,2024
728,55.96,16,67.3,3.5,Electronics,East,46,20.9,2022
729,59.3,12,224.67,3.0,Clothing,East,56,25.6,2024
730,33.57,13,480.3,4.3,Home,East,68,14.2,2022
731,46.08,3,336.86,1.5,Sports,South,28,18.2,2022
732,50.54,1,185.81,2.0,Home,South,29,24.8,2024
733,30.6,18,119.81,2.0,Electronics,East,68,10.7,2022
734,55.9,17,306.1,1.4,Sports,North,46,24.0,2022
735,208.82,4,413.57,1.2,Electronics,North,28,18.9,2022
736,37.9,15,383.36,3.0,Food,North,27,19.4,2023
737,32.17,14,386.92,1.0,Clothing,West,39,8.6,2022
738,55.66,14,186.72,3.7,Electronics,South,66,22.6,2023
739,34.72,14,450.05,4.8,Clothing,East,19,13.3,2022
740,63.82,6,222.7,2.6,Sports,North,60,27.7,2022
741,19.96,17,486.6,2.7,Sports,East,64,22.3,2023
742,246.77,20,461.02,3.8,Electronics,West,59,6.2,2024
743,213.65,12,444.96,4.1,Sports,West,67,5.9,2023
744,15.23,5,265.03,3.2,Electronics,South,23,15.4,2023
745,68.31,1,23.67,4.2,Sports,East,33,25.0,2023
746,20.41,17,183.69,1.2,Home,North,46,8.9,2024
747,89.72,19,287.14,4.6,Electronics,South,40,9.0,2024
748,151.47,17,371.38,1.4,Sports,South,70,23.4,2023
749,36.16,14,50.15,1.2,Electronics,South,48,6.4,2022
750,153.23,18,264.28,2.6,Food,East,55,15.0,2023
751,158.3,14,413.67,1.6,Home,South,49,21.3,2022
752,46.96,6,472.59,2.5,Sports,North,56,25.6,2022
753,73.47,17,85.12,2.5,Electronics,East,37,8.8,2022
754,35.42,2,469.04,2.2,Clothing,East,31,5.5,2024
755,2.84,3,436.51,2.7,Home,East,54,13.6,2023
756,94.44,20,75.08,1.6,Home,West,66,13.5,2023
757,222.49,14,199.75,4.6,Clothing,East,52,1.4,2024
758,180.7,6,356.53,3.3,Home,East,53,19.4,2024
759,25.39,18,292.66,1.2,Sports,South,66,14.3,2022
760,146.0,1,144.73,1.8,Electronics,West,23,24.2,2024
761,79.47,1,176.58,1.7,Food,North,51,9.5,2023
762,30.72,6,149.82,1.7,Electronics,North,27,9.2,2023
763,20.19,6,23.31,1.2,Clothing,West,24,9.6,2023
764,54.33,4,35.42,2.0,Food,South,49,15.3,2024
765,64.43,3,247.24,2.6,Home,South,19,8.1,2024
766,52.43,5,159.26,2.6,Electronics,North,58,15.0,2022
767,109.81,8,273.39,2.7,Food,West,20,0.0,2023
768,59.51,1,39.49,4.7,Sports,East,56,7.5,2024
769,46.98,10,32.29,4.0,Home,North,37,2.7,2024
770,250.3,9,440.36,1.8,Electronics,East,61,28.4,2024
771,56.81,11,177.4,2.8,Food,East,19,27.4,2022
772,113.81,16,383.61,3.2,Electronics,North,52,0.9,2024
773,151.4,13,415.46,2.4,Home,South,67,24.4,2022
774,91.73,15,14.59,4.0,Electronics,East,61,27.6,2023
775,26.29,10,406.12,1.9,Clothing,West,41,1.1,2023
776,46.39,13,64.36,2.1,Sports,West,28,16.6,2024
777,151.37,6,42.03,1.5,Sports,North,26,7.8,2024
778,317.67,9,104.01,3.7,Clothing,East,61,16.8,2023
779,154.6,12,263.46,1.2,Electronics,South,21,8.3,2023
780,88.82,7,174.01,4.5,Sports,North,65,6.8,2024
781,44.41,3,316.74,1.4,Home,West,45,24.2,2024
782,94.07,2,412.6,3.1,Food,South,22,23.3,2024
783,197.1,19,71.16,4.9,Home,North,42,9.4,2024
784,129.7,4,342.01,3.2,Electronics,East,42,12.1,2024
785,50.28,20,15.2,2.5,Home,West,57,18.6,2023
786,89.91,7,62.92,1.0,Electronics,North,55,23.7,2022
787,32.68,12,216.29,3.9,Sports,West,29,7.3,2022
788,32.97,17,480.27,4.0,Electronics,East,55,26.6,2022
789,93.2,10,190.73,1.0,Clothing,South,21,7.1,2024
790,83.4,7,323.87,1.8,Electronics,North,39,5.7,2023
791,126.3,19,287.39,2.3,Home,East,44,9.9,2022
792,309.36,16,117.51,1.0,Home,South,62,6.9,2024
793,51.24,11,405.56,2.5,Clothing,West,29,24.8,2022
794,7.0,18,66.44,2.2,Food,South,58,17.6,2023
795,58.65,9,362.23,2.4,Electronics,South,29,5.9,2022
796,153.49,4,175.81,1.8,Food,West,33,11.1,2023
797,495.6,20,442.02,4.5,Clothing,North,25,4.3,2022
798,43.57,12,165.8,2.7,Clothing,South,20,22.9,2024
799,36.5,9,437.7,4.4,Clothing,West,31,21.8,2023
800,21.43,17,193.39,3.1,Sports,South,38,21.4,2024
801,170.38,9,294.78,3.6,Home,North,31,6.6,2022
802,62.33,19,87.03,4.4,Home,East,53,2.5,2022
803,87.92,19,30.16,3.0,Food,East,45,13.5,2023
804,73.09,9,197.36,1.7,Home,South,34,19.4,2023
805,60.39,18,325.39,4.1,Electronics,South,24,3.6,2023
806,111.25,11,132.51,4.0,Electronics,East,30,21.2,2022
807,61.22,13,473.45,4.3,Sports,North,48,19.6,2022
808,49.38,7,242.47,3.1,Home,West,64,24.4,2023
809,63.53,14,112.7,2.8,Electronics,North,41,4.2,2022
810,231.33,11,120.49,2.7,Food,West,66,23.4,2024
811,211.47,5,488.85,5.0,Food,West,42,6.1,2023
812,108.3,4,171.13,4.8,Electronics,East,23,5.1,2024
813,41.28,20,249.42,1.7,Sports,North,42,8.5,2022
814,146.5,2,190.64,1.0,Food,East,44,11.7,2022
815,108.8,3,200.61,4.6,Clothing,South,26,26.1,2023
816,238.04,6,305.82,4.8,Home,South,50,21.5,2023
817,45.19,15,41.35,2.6,Food,South,51,9.9,2024
818,91.2,3,151.08,4.5,Home,West,40,21.0,2024
819,77.44,6,213.38,1.7,Food,West,47,11.5,2024
820,149.21,7,455.28,2.6,Clothing,North,41,2.3,2022
821,198.65,15,90.77,1.8,Sports,North,47,0.8,2024
822,75.59,7,204.37,1.0,Home,North,63,27.5,2023
823,96.54,18,331.94,3.9,Home,West,26,14.1,2023
824,28.22,18,373.31,1.7,Clothing,North,61,8.2,2023
825,41.33,18,115.92,3.8,Food,North,42,20.7,2023
826,125.83,13,385.89,4.7,Electronics,East,33,6.0,2022
827,240.49,3,118.08,4.5,Home,South,64,5.0,2023
828,29.5,18,317.13,3.5,Sports,West,45,3.6,2022
829,71.12,13,330.46,1.0,Electronics,South,47,6.6,2024
830,142.94,3,443.88,2.6,Food,West,24,21.4,2024
831,53.35,11,490.89,3.8,Clothing,South,39,5.3,2024
832,102.58,17,297.86,5.0,Food,South,19,18.5,2022
833,50.82,8,313.69,1.2,Food,East,49,8.9,2022
834,66.21,2,265.23,4.9,Home,East,66,0.7,2024
835,68.66,2,454.25,3.7,Food,South,69,20.6,2024
836,128.86,11,99.94,3.5,Clothing,North,49,2.1,2022
837,137.45,7,71.52,1.7,Electronics,South,33,15.2,2023
838,63.25,8,217.77,3.4,Home,East,36,17.3,2024
839,56.62,3,476.0,2.4,Clothing,West,28,14.1,2023
840,129.28,5,411.61,4.2,Sports,North,66,11.4,2022
841,124.92,6,136.07,2.9,Food,West,36,11.3,2024
842,22.84,16,105.9,4.7,Home,North,18,25.8,2024
843,98.05,13,485.54,2.5,Food,West,37,19.2,2024
844,80.81,4,198.56,3.3,Electronics,South,66,13.1,2023
845,102.24,12,351.26,3.6,Food,West,65,7.4,2023
846,148.83,20,233.18,3.7,Electronics,East,33,18.1,2024
847,7.96,13,204.86,3.3,Clothing,North,51,27.3,2023
848,61.69,13,297.18,3.9,Clothing,North,24,19.1,2023
849,56.15,13,352.51,1.0,Clothing,South,70,14.8,2022
850,203.38,14,330.72,3.9,Electronics,South,29,11.2,2024
851,44.6,4,230.82,4.3,Clothing,South,30,1.8,2022
852,54.56,14,225.96,4.7,Clothing,North,58,5.0,2023
853,74.96,11,24.54,1.9,Electronics,West,61,22.8,2022
854,55.67,19,396.71,1.2,Electronics,South,51,23.8,2023
855,104.75,9,466.74,2.9,Sports,East,56,12.9,2023
856,75.09,12,437.81,4.2,Food,North,47,26.1,2023
857,107.34,8,190.53,3.5,Clothing,West,50,12.4,2022
858,71.77,11,342.19,1.9,Electronics,West,43,22.2,2022
859,84.57,16,493.57,4.4,Food,North,64,11.5,2024
860,168.61,19,394.58,3.9,Clothing,North,26,14.9,2022
861,252.22,15,92.35,2.8,Food,North,48,19.9,2022
862,46.8,3,61.68,5.0,Clothing,North,28,27.9,2023
863,54.28,4,336.08,4.7,Home,West,23,23.9,2023
864,126.58,13,455.98,4.0,Clothing,West,59,19.3,2024
865,30.9,3,176.72,3.4,Home,South,65,28.3,2024
866,32.93,13,292.69,1.0,Food,North,55,16.1,2023
867,64.65,5,264.68,3.4,Home,South,24,11.9,2024
868,64.02,10,420.24,3.0,Home,West,27,18.0,2022
869,126.04,4,143.99,4.4,Electronics,West,58,24.9,2023
870,164.97,11,84.82,3.9,Food,South,62,22.1,2022
871,176.23,6,495.62,3.2,Home,East,45,20.3,2023
872,77.44,10,148.36,4.7,Home,West,24,3.9,2024
873,271.99,15,330.77,3.3,Electronics,West,62,14.5,2022
874,47.85,1,187.49,4.4,Clothing,North,61,23.6,2022
875,262.36,4,184.24,2.9,Home,North,25,29.4,2024
876,124.39,13,130.05,1.5,Food,West,49,9.1,2024
877,143.98,3,391.09,4.5,Clothing,West,35,19.0,2023
878,32.01,17,120.22,3.3,Food,West,35,20.8,2022
879,41.85,14,156.2,1.5,Sports,East,22,21.4,2024
880,80.15,13,282.47,3.1,Clothing,West,22,15.6,2024
881,169.47,4,379.22,1.8,Sports,North,29,25.9,2024
882,4.88,11,70.29,1.5,Clothing,South,59,4.8,2024
883,72.38,14,488.78,3.6,Food,South,37,1.4,2024
884,146.34,19,250.32,2.3,Food,East,56,16.1,2022
885,15.17,7,479.14,3.4,Electronics,South,55,10.8,2022
886,83.4,9,197.07,4.6,Sports,West,47,2.5,2023
887,45.53,9,497.73,3.8,Home,South,63,11.2,2024
888,127.89,5,165.02,4.2,Sports,West,19,28.9,2022
889,56.33,18,209.32,2.3,Electronics,North,41,27.3,2023
890,6.99,8,195.53,1.4,Clothing,North,29,15.8,2023
891,241.27,17,180.96,3.3,Sports,East,53,8.1,2022
892,40.16,13,98.53,4.2,Electronics,West,48,17.8,2023
893,157.3,5,79.91,3.3,Electronics,East,21,27.6,2024
894,166.52,20,214.94,2.8,Food,West,40,24.0,2024
895,57.28,8,159.54,4.4,Food,East,44,23.1,2022
896,23.78,3,90.91,1.2,Electronics,East,53,27.9,2022
897,153.32,5,245.03,3.1,Home,North,43,0.4,2022
898,169.67,12,129.67,4.0,Electronics,North,56,13.5,2022
899,73.01,12,476.72,2.7,Sports,West,28,11.2,2022
900,109.48,4,152.13,2.9,Food,East,31,0.1,2024
901,77.92,17,414.61,1.1,Sports,West,57,25.5,2022
902,5.18,10,183.41,1.0,Food,South,43,10.6,2022
903,98.18,17,450.27,2.6,Home,West,18,4.7,2024
904,49.14,10,188.6,4.6,Food,East,24,29.7,2024
905,38.69,14,12.85,4.5,Home,South,25,5.7,2022
906,78.09,2,88.55,1.8,Clothing,West,60,29.5,2022
907,97.51,5,169.19,4.1,Home,West,50,21.8,2024
908,33.61,1,71.8,2.4,Home,North,67,20.5,2022
909,84.92,1,222.82,2.2,Food,West,23,22.8,2022
910,37.15,8,147.76,1.5,Sports,East,62,7.4,2023
911,94.14,4,353.56,3.0,Clothing,South,30,29.8,2024
912,49.68,2,144.19,1.8,Clothing,South,45,0.5,2022
913,105.94,8,118.67,2.7,Electronics,North,50,12.8,2022
914,29.92,12,358.68,2.0,Food,North,29,1.2,2022
915,46.86,20,59.37,1.7,Food,West,41,10.0,2022
916,150.1,5,172.29,4.0,Electronics,East,65,23.4,2024
917,73.84,7,296.32,1.3,Sports,North,26,18.9,2024
918,16.21,7,104.53,2.8,Electronics,North,22,28.3,2024
919,61.56,7,271.44,1.6,Food,South,30,12.5,2024
920,337.54,18,487.81,4.6,Food,West,58,21.5,2023
921,96.11,17,397.53,1.7,Electronics,East,62,29.0,2023
922,234.98,18,436.43,4.9,Electronics,South,46,22.5,2023
923,207.22,9,111.39,1.0,Sports,South,55,20.9,2024
924,100.89,9,158.67,1.9,Home,East,53,3.6,2022
925,108.07,5,471.6,2.1,Electronics,South,35,26.2,2022
926,30.99,20,486.39,2.3,Clothing,East,64,4.0,2024
927,65.51,1,413.73,1.9,Food,East,29,7.7,2022
928,145.65,19,62.16,4.0,Sports,West,59,7.7,2024
929,112.51,8,168.89,1.8,Sports,West,27,13.4,2024
930,73.3,3,253.02,2.8,Home,South,30,17.1,2024
931,38.87,13,346.81,1.8,Clothing,South,22,12.8,2023
932,28.17,1,305.61,2.5,Home,North,25,24.8,2024
933,33.74,9,79.89,3.5,Electronics,North,68,29.0,2022
934,180.82,3,109.14,2.9,Sports,West,70,4.9,2023
935,159.59,4,20.39,1.2,Home,East,24,15.3,2023
936,49.24,12,331.13,1.9,Clothing,West,61,26.5,2022
937,39.96,4,478.67,2.1,Home,North,57,10.0,2023
938,41.35,20,98.87,2.7,Electronics,East,57,24.5,2023
939,56.49,12,467.11,4.2,Electronics,North,68,0.1,2022
940,64.76,16,409.18,1.5,Clothing,West,64,8.4,2022
941,76.31,14,245.83,4.9,Food,East,26,24.1,2024
942,75.97,18,271.55,3.1,Clothing,South,42,2.5,2024
943,106.43,8,354.52,1.9,Home,North,31,29.8,2022
944,114.5,4,39.19,2.4,Food,South,36,13.8,2024
945,51.81,2,376.03,1.5,Home,South,42,22.0,2024
946,73.85,19,46.15,4.3,Home,South,19,4.4,2022
947,197.94,5,376.57,3.8,Electronics,East,48,12.3,2023
948,208.64,10,64.52,1.2,Home,North,56,22.5,2024
949,7.39,15,281.54,4.3,Clothing,East,63,6.8,2022
950,46.84,8,202.22,4.3,Food,North,70,20.8,2023
951,143.95,13,90.76,4.2,Food,West,30,8.1,2022
952,72.22,11,23.74,2.1,Electronics,North,22,6.4,2022
953,42.93,2,127.76,1.3,Food,North,54,29.6,2023
954,62.77,10,479.78,3.0,Electronics,East,66,11.7,2023
955,80.52,4,256.07,4.1,Clothing,North,55,23.9,2023
956,38.59,3,443.75,1.4,Sports,South,31,24.2,2024
957,176.92,11,229.27,1.5,Clothing,East,41,18.7,2023
958,335.72,13,127.16,5.0,Electronics,North,27,17.0,2023
959,25.77,11,93.16,2.2,Electronics,North,35,17.3,2023
960,22.69,15,136.39,2.9,Electronics,East,66,26.3,2024
961,488.84,16,29.4,4.4,Clothing,West,44,25.7,2024
962,87.17,20,476.5,2.5,Clothing,West,50,13.5,2024
963,132.86,8,352.88,3.2,Electronics,South,24,8.7,2022
964,78.99,13,438.34,3.7,Sports,East,47,14.1,2024
965,29.75,4,459.56,4.7,Home,West,30,12.0,2022
966,68.61,7,354.12,2.9,Food,East,47,1.1,2022
967,35.99,19,25.35,3.4,Home,West,21,28.1,2023
968,193.7,9,321.49,1.3,Home,North,35,12.2,2023
969,150.37,2,55.3,4.6,Home,East,66,8.9,2022
970,108.56,14,183.8,3.8,Food,West,70,0.3,2024
971,23.99,20,80.86,3.7,Clothing,East,18,4.5,2023
972,99.87,14,138.77,3.9,Clothing,West,26,19.0,2024
973,27.66,7,215.89,3.2,Sports,South,56,11.3,2023
974,119.59,12,17.93,4.6,Clothing,North,62,15.0,2023
975,81.12,18,218.67,4.9,Home,East,25,27.8,2023
976,74.11,6,275.95,2.5,Home,West,58,8.5,2024
977,28.81,20,466.92,1.4,Electronics,North,58,13.3,2024
978,149.62,7,119.21,2.8,Electronics,West,25,5.9,2023
979,70.06,15,212.34,4.3,Electronics,West,18,28.2,2022
980,58.57,9,160.62,4.6,Sports,West,61,7.2,2023
981,74.35,20,165.56,1.7,Electronics,West,33,16.7,2023
982,131.46,2,402.65,3.3,Clothing,South,58,11.7,2024
983,79.72,6,224.33,1.4,Clothing,South,50,3.6,2024
984,263.93,9,420.3,1.6,Home,East,31,2.8,2022
985,7.66,5,23.63,3.8,Home,North,54,11.5,2024
986,143.88,7,272.35,2.0,Clothing,West,67,7.8,2022
987,24.98,1,322.81,3.3,Food,North,25,13.8,2024
988,29.39,6,55.46,3.0,Electronics,East,31,11.7,2023
989,81.77,3,113.05,2.7,Electronics,East,58,27.2,2022
990,61.1,19,319.29,4.4,Clothing,North,39,29.8,2023
991,105.15,4,104.49,1.1,Sports,North,51,15.4,2022
992,47.66,8,50.89,3.8,Clothing,South,35,8.2,2022
993,69.69,10,238.85,4.2,Electronics,West,50,28.4,2022
994,40.52,9,481.32,1.4,Food,East,28,23.8,2024
995,85.68,20,376.07,4.3,Home,North,56,11.5,2022
996,70.47,3,230.21,4.6,Sports,East,55,12.3,2024
997,70.35,6,406.43,2.7,Sports,South,40,7.4,2022
998,73.9,4,14.72,3.8,Food,East,31,14.0,2023
999,115.38,20,113.97,1.9,Clothing,East,63,18.2,2024
1000,118.77,14,165.71,2.3,Electronics,South,21,24.1,2023
1001,32.36,11,299.67,1.9,Electronics,North,36,0.5,2024
1002,346.36,2,175.32,1.1,Electronics,West,24,24.9,2023
1003,57.08,13,49.09,4.1,Food,West,57,1.4,2023
1004,98.47,4,423.11,4.8,Home,North,19,6.7,2022
1005,29.04,14,120.91,1.4,Clothing,East,70,27.1,2022
1006,54.62,4,33.52,2.2,Electronics,East,39,20.6,2023
1007,162.5,19,235.74,1.5,Food,South,66,17.5,2023
1008,149.82,8,293.16,3.6,Home,East,38,23.2,2023
1009,26.63,3,182.97,4.3,Clothing,South,60,19.4,2022
1010,23.47,7,16.43,1.9,Electronics,West,30,14.6,2023
1011,234.5,17,430.64,4.0,Clothing,East,63,13.6,2022
1012,29.14,12,198.93,2.8,Sports,South,67,12.0,2022
1013,83.61,19,327.71,1.6,Food,North,65,3.3,2022
1014,147.38,9,67.98,3.2,Home,East,45,6.4,2023
1015,85.15,15,143.57,1.4,Sports,West,64,27.8,2022
1016,43.2,9,269.49,3.0,Food,West,24,20.4,2024
1017,55.68,4,144.98,4.5,Clothing,West,43,11.8,2022
1018,98.89,7,180.34,2.2,Food,East,64,0.1,2022
1019,182.42,8,93.41,3.7,Sports,South,29,10.0,2023
1020,84.57,9,441.82,1.7,Clothing,North,56,10.6,2023
1021,1.86,16,63.6,4.3,Sports,East,32,15.8,2022
1022,97.87,18,136.1,2.9,Clothing,East,47,0.4,2023
1023,167.76,20,247.33,2.1,Food,North,27,29.4,2022
1024,71.23,19,373.1,4.9,Clothing,East,31,22.3,2022
1025,138.96,18,450.62,2.8,Home,South,34,27.3,2023
1026,77.43,9,161.57,1.2,Food,East,57,3.7,2023
1027,59.37,16,464.34,1.6,Sports,South,51,29.0,2024
1028,148.31,10,41.66,2.2,Sports,West,20,6.5,2024
1029,18.97,14,182.61,4.3,Electronics,North,34,4.1,2023
1030,148.69,5,477.31,3.9,Sports,South,64,5.9,2024
1031,59.77,12,131.88,3.7,Electronics,West,45,12.0,2022
1032,40.57,11,404.15,1.6,Food,South,34,4.1,2024
1033,61.49,19,464.29,2.8,Clothing,South,42,23.5,2023
1034,34.83,11,256.87,3.7,Electronics,East,47,10.6,2023
1035,35.16,8,294.36,2.5,Home,East,21,22.7,2023
1036,228.82,15,421.21,1.3,Clothing,East,59,3.2,2024
1037,241.83,11,433.51,1.5,Electronics,North,62,6.2,2022
1038,183.16,8,448.58,3.6,Sports,South,37,18.8,2024
1039,227.25,7,66.21,1.0,Electronics,North,51,2.9,2022
1040,94.11,15,201.45,4.7,Electronics,East,43,14.5,2022
1041,262.43,20,343.85,4.4,Clothing,North,45,4.4,2022
1042,35.35,8,93.68,4.0,Clothing,South,48,14.4,2023
1043,149.61,4,237.34,4.3,Electronics,South,19,8.5,2022
1044,77.13,2,326.1,4.6,Sports,West,20,27.2,2023
1045,92.85,9,14.47,1.6,Clothing,South,40,27.1,2024
1046,103.06,5,182.41,3.9,Home,East,47,21.5,2022
1047,211.18,13,43.42,4.4,Food,West,42,28.9,2024
1048,119.36,17,137.02,3.8,Clothing,East,55,18.5,2023
1049,17.12,6,123.54,3.7,Electronics,West,61,14.3,2022
1050,29.1,13,380.35,2.7,Clothing,North,21,18.4,2022
1051,196.63,1,462.54,2.3,Electronics,West,42,4.0,2024
1052,113.99,16,224.38,2.1,Sports,South,65,4.9,2024
1053,14.29,1,186.18,2.6,Clothing,North,39,5.6,2024
1054,99.12,19,415.51,3.0,Sports,East,57,27.0,2022
1055,86.77,3,288.88,1.5,Electronics,East,24,3.5,2022
1056,126.83,8,412.45,2.2,Electronics,East,42,21.1,2022
1057,119.17,20,255.02,2.6,Clothing,North,52,20.9,2022
1058,93.51,9,330.08,1.1,Sports,West,34,6.0,2022
1059,45.6,11,462.85,3.7,Clothing,North,33,14.8,2024
1060,164.5,2,179.46,1.3,Sports,West,56,22.2,2022
1061,95.21,2,60.99,3.0,Sports,South,59,10.5,2023
1062,208.74,8,20.51,1.2,Food,South,52,18.2,2023
1063,112.94,13,350.77,2.7,Electronics,West,53,4.1,2023
1064,349.21,12,182.38,2.4,Electronics,North,33,7.0,2024
1065,49.31,18,288.34,5.0,Electronics,North,64,7.5,2022
1066,19.72,10,31.42,2.4,Electronics,South,36,3.9,2023
1067,145.75,3,132.6,3.2,Home,West,63,22.1,2023
1068,87.73,12,392.3,2.2,Clothing,South,51,26.8,2023
1069,100.8,14,355.7,3.5,Sports,East,23,6.1,2022
1070,49.86,7,70.15,3.9,Sports,South,20,29.3,2024
1071,142.93,4,20.43,4.3,Home,East,35,17.6,2023
1072,20.36,13,252.73,4.5,Electronics,West,46,1.3,2022
1073,42.39,2,333.6,1.1,Home,East,19,27.3,2023
1074,231.19,1,177.06,4.3,Food,West,45,23.5,2024
1075,228.75,10,430.67,4.8,Electronics,West,45,17.2,2024
1076,54.68,15,375.36,4.7,Sports,South,18,8.4,2024
1077,25.46,18,154.95,3.3,Food,North,57,8.2,2023
1078,209.37,20,16.05,2.2,Food,East,34,25.4,2023
1079,15.23,18,116.74,1.2,Home,North,35,26.9,2024
1080,54.34,9,435.84,1.5,Food,South,27,26.1,2024
1081,50.21,6,345.38,4.4,Electronics,East,20,16.6,2022
1082,559.02,9,17.9,4.4,Electronics,East,52,21.5,2024
1083,69.9,15,65.46,1.3,Clothing,South,38,17.1,2024
1084,22.74,10,80.11,2.3,Home,East,39,29.3,2024
1085,93.45,20,25.27,2.5,Food,East,27,27.4,2022
1086,129.17,17,360.73,4.0,Electronics,East,31,11.4,2024
1087,145.56,3,478.04,4.8,Electronics,South,54,15.1,2024
1088,179.66,4,425.32,3.1,Sports,North,56,14.2,2024
1089,87.21,19,153.6,2.0,Sports,South,69,23.0,2023
1090,90.28,4,349.61,2.8,Clothing,West,41,2.4,2024
1091,23.73,16,306.56,2.8,Sports,West,32,17.1,2022
1092,52.21,19,336.29,3.4,Sports,East,39,9.4,2022
1093,83.2,19,252.16,4.5,Home,South,29,26.3,2022
1094,31.79,18,358.58,2.9,Clothing,North,26,26.1,2023
1095,158.74,5,262.3,3.1,Electronics,West,45,10.6,2023
1096,51.64,11,449.74,4.6,Sports,North,64,1.4,2024
1097,136.25,14,151.75,2.9,Food,South,64,5.5,2024
1098,25.13,19,300.59,3.7,Sports,West,42,9.6,2022
1099,173.77,4,123.81,3.0,Sports,North,54,15.5,2024
1100,101.92,10,168.17,2.3,Sports,South,27,1.3,2024
1101,85.09,20,164.04,2.4,Clothing,South,25,8.6,2023
1102,48.74,9,494.51,4.0,Home,South,60,8.4,2022
1103,112.85,6,23.4,4.6,Clothing,South,18,14.7,2022
1104,45.42,19,218.99,2.8,Food,South,47,8.8,2022
1105,87.9,9,52.56,1.5,Electronics,East,64,20.1,2023
1106,185.3,3,170.29,3.0,Electronics,East,47,18.9,2024
1107,166.2,2,222.36,4.7,Electronics,East,30,25.2,2024
1108,52.36,8,339.94,2.1,Electronics,South,49,24.4,2024
1109,58.4,3,475.91,4.4,Home,South,18,13.0,2023
1110,129.85,2,214.9,2.1,Sports,West,58,17.5,2024
1111,96.42,6,440.17,4.4,Food,East,60,14.6,2024
1112,125.72,10,57.3,1.4,Home,East,44,29.1,2023
1113,147.58,15,478.59,3.6,Clothing,East,62,11.9,2022
1114,260.62,20,211.88,1.9,Home,East,35,15.2,2023
1115,115.55,11,211.5,4.2,Electronics,West,43,7.8,2022
1116,96.71,2,161.17,2.6,Food,South,52,6.2,2024
1117,66.39,1,475.64,1.1,Electronics,West,23,23.4,2023
1118,198.85,2,264.14,2.4,Food,South,28,25.1,2023
1119,59.66,12,172.44,1.9,Clothing,South,18,1.1,2022
1120,28.58,16,30.72,2.1,Sports,North,32,18.9,2024
1121,14.43,13,331.09,1.5,Clothing,East,23,2.3,2024
1122,10.62,18,306.39,1.6,Home,West,30,24.9,2023
1123,84.02,10,144.28,1.8,Food,East,59,17.3,2023
1124,84.89,14,284.89,2.9,Food,South,42,0.5,2023
1125,169.87,19,487.84,2.6,Home,South,46,11.1,2024
1126,140.39,3,56.74,1.7,Electronics,West,55,7.5,2022
1127,131.53,19,382.68,1.2,Home,West,34,12.4,2024
1128,158.29,1,141.39,1.8,Food,West,52,15.0,2024
1129,65.03,17,281.86,4.0,Clothing,North,24,12.8,2022
1130,104.71,7,224.42,4.9,Home,North,45,14.9,2024
1131,97.09,18,214.89,1.0,Sports,North,45,29.9,2024
1132,105.33,12,286.27,1.7,Food,East,51,20.6,2024
1133,104.58,15,113.2,2.3,Food,South,28,15.7,2023
1134,64.32,16,42.85,4.9,Electronics,East,62,5.6,2024
1135,109.12,2,316.24,3.4,Electronics,North,40,19.1,2022
1136,135.58,9,149.25,4.6,Food,West,55,21.9,2023
1137,198.94,18,275.1,3.6,Sports,North,55,4.6,2024
1138,57.97,4,72.09,3.1,Clothing,West,39,17.3,2024
1139,57.51,20,337.56,2.9,Sports,South,18,23.5,2022
1140,35.62,1,168.44,4.6,Electronics,North,26,15.4,2023
1141,148.51,17,382.4,2.0,Home,West,42,23.2,2024
1142,70.84,11,270.04,4.5,Home,South,28,28.4,2023
1143,260.35,16,350.6,2.0,Clothing,North,53,27.0,2024
1144,41.34,15,387.66,2.4,Food,West,31,18.5,2022
1145,74.31,1,105.96,2.4,Home,South,18,17.6,2023
1146,383.11,17,461.57,3.4,Electronics,North,59,8.2,2023
1147,16.89,9,144.35,1.2,Home,North,63,27.8,2024
1148,97.78,18,405.64,1.2,Home,North,57,26.8,2022
1149,82.91,2,227.26,3.8,Clothing,East,24,25.7,2023
1150,144.83,11,420.26,4.4,Clothing,East,63,5.1,2024
1151,103.85,13,214.03,3.7,Food,North,22,5.8,2024
1152,87.7,7,347.47,2.6,Clothing,North,37,8.2,2023
1153,68.44,3,287.43,2.9,Electronics,North,23,5.5,2022
1154,64.29,1,385.69,4.2,Clothing,South,58,11.2,2022
1155,62.63,7,376.23,4.0,Clothing,East,21,11.4,2023
1156,57.8,14,120.72,1.8,Clothing,South,29,29.4,2023
1157,55.41,19,188.17,4.1,Home,West,58,20.6,2022
1158,37.68,14,179.99,4.2,Electronics,East,31,10.3,2024
1159,249.65,3,261.5,1.8,Sports,South,47,7.8,2022
1160,146.03,5,238.95,2.3,Sports,West,60,17.7,2022
1161,163.68,1,87.79,2.9,Food,East,59,27.1,2022
1162,62.37,6,378.5,2.8,Food,West,55,17.3,2023
1163,94.07,12,304.46,2.9,Home,West,37,1.2,2022
1164,29.53,9,477.45,2.6,Sports,North,28,15.4,2023
1165,44.67,5,73.65,2.3,Sports,North,23,9.3,2022
1166,90.89,1,332.72,1.8,Food,South,37,9.2,2022
1167,174.57,18,424.38,2.5,Clothing,West,28,10.3,2023
1168,157.35,16,337.53,4.3,Sports,South,66,27.5,2023
1169,64.43,13,388.9,4.6,Clothing,West,56,11.8,2022
1170,97.34,19,23.18,4.5,Food,South,67,7.1,2023
1171,100.34,20,378.33,4.7,Food,South,26,15.0,2022
1172,61.64,13,330.48,2.7,Clothing,East,37,11.6,2023
1173,54.84,6,90.14,3.7,Electronics,North,47,24.2,2023
1174,145.11,1,88.83,1.5,Electronics,West,61,13.6,2023
1175,83.48,14,136.74,3.5,Home,West,50,11.2,2023
1176,265.24,4,394.89,4.9,Food,West,61,2.4,2022
1177,54.31,20,366.54,2.8,Food,North,47,8.5,2022
1178,91.21,20,346.33,2.0,Home,East,61,8.9,2022
1179,55.86,14,18.58,2.3,Sports,North,56,3.4,2024
1180,107.5,6,51.18,1.4,Electronics,South,58,14.8,2023
1181,52.07,17,288.84,1.2,Food,East,41,1.1,2024
1182,75.73,3,175.51,3.5,Electronics,East,45,12.0,2022
1183,173.3,3,420.06,2.7,Food,North,68,5.7,2023
1184,131.24,8,350.19,1.2,Food,West,31,22.8,2023
1185,186.77,9,255.77,1.2,Food,West,29,20.3,2023
1186,80.5,14,332.03,2.1,Electronics,West,56,23.7,2024
1187,27.61,11,118.32,3.4,Food,West,55,12.6,2024
1188,110.07,18,16.16,2.4,Food,East,70,13.3,2023
1189,46.64,13,135.29,1.1,Home,North,58,14.6,2023
1190,46.14,12,158.98,4.0,Electronics,West,61,14.0,2022
1191,121.91,19,221.45,5.0,Sports,North,66,29.2,2024
1192,109.09,4,57.52,1.9,Home,North,54,8.7,2022
1193,112.3,7,214.91,3.4,Home,East,67,10.9,2022
1194,100.53,8,430.94,3.0,Food,West,36,24.8,2023
1195,59.37,11,383.84,3.6,Clothing,North,42,17.4,2023
1196,81.1,20,119.85,3.4,Home,North,56,17.1,2023
1197,65.58,19,316.49,3.7,Electronics,East,19,22.3,2024
1198,112.82,6,234.31,3.9,Home,South,29,14.2,2024
1199,65.18,1,111.43,2.8,Clothing,South,61,18.1,2022
1200,30.11,11,437.32,4.6,Clothing,South,47,21.7,2022
